{"train_loss": [0.5052504554867745, 0.33558514872789386, 0.2848138242840767, 0.25832670078277586, 0.23567090293467044, 0.2179692925438285, 0.2043516315370798, 0.19544583047032357, 0.18997965925484897, 0.1884837734475732], "val_loss": [462.40321869403124, 405.27877339348197, 393.2988002086058, 390.657223357819, 383.158580317162, 372.5110833472572, 381.29441285831854, 378.35443155886605, 386.925625840202, 387.69450339721516], "val_acc": [0.8366, 0.8591, 0.8693, 0.8698, 0.8757, 0.8813, 0.8808, 0.8825, 0.8814, 0.8818], "epochs": 10}