{"train_loss": [0.4616671939611435, 0.30524266192317007, 0.2507948957502842, 0.210796734765172, 0.17999087501615285, 0.15300975980237128, 0.13001264519989492, 0.11255133391171694, 0.1037220044851303, 0.09943196855299175], "val_loss": [426.1264460273087, 376.0102990726009, 383.65629199240357, 404.84435951989144, 382.1694070561789, 412.58551582461223, 449.98863314813934, 444.30462676263414, 469.00442806165665, 475.3517320980318], "val_acc": [0.8491, 0.8706, 0.8758, 0.876, 0.8828, 0.8844, 0.8781, 0.8838, 0.8845, 0.8836], "epochs": 10}